{
  "X_fname": [
    "fixed_acidity",
    "volatile_acidity",
    "citric_acid",
    "residual_sugar",
    "chlorides",
    "free_sulfur_dioxide",
    "total_sulfur_dioxide",
    "density",
    "pH",
    "sulphates",
    "alcohol"
  ],
  "y_fname": [
    "quality"
  ],
  "discrete_flen": 0,
  "continuous_flen": 11,
  "mean": [
    8.31963727329581,
    0.5278205128205128,
    0.2709756097560976,
    2.53880550343965,
    0.08746654158849279,
    15.874921826141339,
    46.46779237023139,
    0.9967466791744841,
    3.3111131957473416,
    0.6581488430268917,
    10.422983114446529
  ],
  "std": [
    1.7410963181276953,
    0.17905970415353537,
    0.19480113740531857,
    1.4099280595072798,
    0.0470653020100901,
    10.460156969809725,
    32.895324478299074,
    0.0018873339538425554,
    0.15438646490354277,
    0.16950697959010996,
    1.0656675818473946
  ],
  "train_index": [
    658,
    1076,
    660,
    404,
    1062,
    1514,
    694,
    987,
    485,
    143,
    1184,
    383,
    1146,
    981,
    60,
    307,
    685,
    394,
    831,
    56,
    1244,
    525,
    115,
    1019,
    284,
    167,
    1168,
    236,
    907,
    653,
    206,
    197,
    541,
    376,
    355,
    1478,
    195,
    416,
    1113,
    684,
    939,
    301,
    829,
    401,
    1351,
    1373,
    1191,
    1129,
    459,
    421,
    788,
    217,
    1574,
    58,
    773,
    1342,
    1437,
    17,
    1236,
    1497,
    1448,
    564,
    890,
    281,
    621,
    471,
    329,
    1122,
    144,
    1047,
    935,
    136,
    592,
    1102,
    1474,
    1163,
    1494,
    1050,
    3,
    370,
    608,
    909,
    827,
    518,
    897,
    123,
    466,
    1547,
    851,
    1001,
    625,
    1338,
    477,
    1423,
    1451,
    1482,
    1323,
    1214,
    1221,
    587,
    1296,
    326,
    938,
    1564,
    1475,
    633,
    151,
    806,
    259,
    1021,
    958,
    700,
    713,
    1454,
    158,
    1500,
    207,
    601,
    825,
    189,
    232,
    351,
    1132,
    1033,
    616,
    356,
    185,
    1443,
    179,
    291,
    575,
    818,
    894,
    551,
    366,
    129,
    119,
    874,
    463,
    1465,
    672,
    271,
    1177,
    921,
    1224,
    495,
    950,
    1028,
    245,
    1126,
    505,
    1211,
    1562,
    1571,
    199,
    1212,
    817,
    738,
    127,
    656,
    45,
    1131,
    900,
    1330,
    692,
    947,
    1440,
    292,
    1558,
    293,
    1045,
    163,
    1271,
    339,
    55,
    1067,
    1100,
    169,
    453,
    1371,
    62,
    553,
    456,
    727,
    42,
    438,
    65,
    1572,
    35,
    1421,
    1030,
    1362,
    733,
    1332,
    46,
    1079,
    212,
    1094,
    802,
    1107,
    614,
    1447,
    948,
    741,
    1203,
    566,
    286,
    964,
    1512,
    1287,
    1522,
    1459,
    783,
    523,
    52,
    198,
    834,
    1243,
    1225,
    150,
    603,
    1042,
    116,
    1223,
    1142,
    599,
    576,
    48,
    1052,
    996,
    747,
    208,
    1182,
    1530,
    130,
    671,
    1034,
    1598,
    1210,
    162,
    1563,
    88,
    75,
    798,
    976,
    97,
    490,
    276,
    1461,
    441,
    910,
    411,
    1386,
    66,
    1569,
    149,
    881,
    350,
    600,
    344,
    1161,
    1431,
    814,
    940,
    1388,
    1264,
    455,
    643,
    1408,
    666,
    1267,
    412,
    661,
    332,
    391,
    1018,
    895,
    164,
    1277,
    705,
    1391,
    1071,
    1501,
    256,
    1176,
    1190,
    282,
    1361,
    338,
    891,
    269,
    71,
    192,
    1483,
    1490,
    506,
    7,
    69,
    340,
    443,
    1237,
    1136,
    448,
    722,
    695,
    836,
    458,
    1134,
    1293,
    758,
    1091,
    1080,
    1209,
    748,
    1196,
    1098,
    941,
    650,
    1284,
    1155,
    988,
    581,
    1273,
    1117,
    72,
    1255,
    514,
    1061,
    1399,
    807,
    1321,
    303,
    759,
    719,
    1143,
    51,
    385,
    646,
    343,
    374,
    1519,
    480,
    302,
    1439,
    970,
    182,
    1074,
    1420,
    1348,
    530,
    1436,
    1069,
    1137,
    108,
    1174,
    1218,
    1151,
    1456,
    877,
    172,
    926,
    1241,
    32,
    1496,
    334,
    1127,
    1590,
    306,
    784,
    1247,
    161,
    1406,
    396,
    134,
    1075,
    159,
    675,
    1325,
    1566,
    1344,
    1502,
    960,
    1245,
    702,
    213,
    76,
    1366,
    1435,
    1282,
    1429,
    731,
    1274,
    360,
    774,
    1467,
    433,
    1022,
    439,
    117,
    54,
    752,
    513,
    1057,
    1281,
    424,
    1368,
    1291,
    1397,
    665,
    1415,
    983,
    114,
    222,
    139,
    683,
    971,
    1226,
    1088,
    552,
    1345,
    812,
    460,
    1233,
    1418,
    426,
    399,
    31,
    113,
    249,
    1299,
    21,
    111,
    287,
    500,
    1014,
    12,
    155,
    1048,
    1049,
    1005,
    1508,
    1358,
    1575,
    609,
    1486,
    311,
    538,
    1002,
    362,
    833,
    221,
    263,
    1317,
    527,
    1105,
    1583,
    607,
    33,
    1217,
    998,
    498,
    1489,
    146,
    273,
    1541,
    1308,
    386,
    128,
    180,
    503,
    277,
    1068,
    1446,
    1289,
    699,
    1006,
    908,
    1078,
    1228,
    677,
    674,
    30,
    687,
    1524,
    832,
    1149,
    992,
    1551,
    667,
    423,
    462,
    1193,
    697,
    1396,
    37,
    68,
    602,
    651,
    387,
    122,
    804,
    1581,
    1268,
    0,
    1550,
    989,
    1376,
    770,
    364,
    1140,
    869,
    951,
    1272,
    1589,
    558,
    190,
    4,
    534,
    1318,
    1111,
    393,
    1591,
    1505,
    1009,
    803,
    359,
    483,
    1511,
    823,
    260,
    1016,
    1413,
    237,
    1240,
    547,
    596,
    942,
    847,
    280,
    1540,
    409,
    1555,
    763,
    1517,
    1051,
    36,
    1409,
    152,
    274,
    736,
    1464,
    841,
    121,
    87,
    793,
    1403,
    628,
    242,
    49,
    216,
    1251,
    1265,
    444,
    428,
    991,
    911,
    83,
    1029,
    843,
    64,
    174,
    452,
    1485,
    797,
    1576,
    930,
    669,
    141,
    1352,
    1031,
    714,
    779,
    1455,
    103,
    1523,
    1199,
    627,
    1046,
    969,
    504,
    754,
    1120,
    1560,
    16,
    1481,
    328,
    316,
    1444,
    1219,
    1553,
    304,
    481,
    1354,
    824,
    262,
    994,
    928,
    1290,
    742,
    1246,
    417,
    876,
    1515,
    715,
    577,
    809,
    272,
    1416,
    517,
    781,
    1469,
    1320,
    1387,
    1066,
    556,
    41,
    496,
    202,
    863,
    1471,
    1179,
    1422,
    698,
    598,
    1487,
    368,
    1369,
    1169,
    145,
    1124,
    398,
    468,
    275,
    923,
    1518,
    1300,
    309,
    241,
    554,
    397,
    873,
    1355,
    1064,
    1167,
    521,
    377,
    305,
    1024,
    1252,
    618,
    322,
    268,
    1343,
    215,
    718,
    1593,
    1194,
    325,
    1537,
    361,
    762,
    1305,
    856,
    314,
    1302,
    336,
    1314,
    1118,
    761,
    766,
    1253,
    701,
    999,
    624,
    630,
    632,
    528,
    973,
    102,
    85,
    1130,
    1197,
    246,
    1417,
    270,
    1086,
    905,
    10,
    1466,
    986,
    972,
    465,
    535,
    1148,
    410,
    501,
    903,
    1329,
    1597,
    849,
    1234,
    112,
    933,
    330,
    1477,
    704,
    805,
    1261,
    308,
    1010,
    248,
    1189,
    745,
    493,
    522,
    838,
    936,
    1457,
    154,
    690,
    1312,
    735,
    142,
    1476,
    175,
    265,
    800,
    147,
    1262,
    691,
    842,
    1452,
    348,
    1200,
    765,
    1292,
    1573,
    1073,
    1283,
    726,
    1525,
    1017,
    1405,
    160,
    1301,
    13,
    920,
    1307,
    1510,
    529,
    1235,
