{
  "X_fname": [
    "CRIM",
    "ZN",
    "INDUS",
    "CHAS",
    "NOX",
    "RM",
    "AGE",
    "DIS",
    "RAD",
    "TAX",
    "PTRATIO",
    "B",
    "LSTAT"
  ],
  "y_fname": [
    "MEDV"
  ],
  "discrete_flen": 0,
  "continuous_flen": 13,
  "mean": [
    3.611873971193416,
    11.211934156378602,
    11.083991769547326,
    0.06995884773662552,
    0.5546950592885376,
    6.284634387351779,
    68.5185185185185,
    3.795042687747036,
    9.549407114624506,
    408.2371541501976,
    18.455533596837945,
    356.6740316205534,
    12.715432098765433
  ],
  "std": [
    8.545770393021591,
    22.92105136348917,
    6.699164755972014,
    0.2502331553443183,
    0.11587767566755595,
    0.7026171434153233,
    27.439466168829945,
    2.105710126627611,
    8.707259384239366,
    168.53711605495903,
    2.1649455237144406,
    91.29486438415783,
    7.012738940248506
  ],
  "y_mean": [
    22.532806324110677
  ],
  "y_std": [
    9.197104087379818
  ],
  "train_index": [
    440,
    413,
    117,
    379,
    112,
    287,
    155,
    139,
    242,
    412,
    269,
    435,
    41,
    179,
    460,
    16,
    266,
    323,
    150,
    202,
    294,
    59,
    351,
    169,
    237,
    419,
    493,
    103,
    463,
    392,
    209,
    206,
    307,
    204,
    183,
    458,
    126,
    382,
    490,
    336,
    321,
    320,
    94,
    496,
    157,
    339,
    421,
    102,
    34,
    368,
    485,
    249,
    299,
    495,
    375,
    46,
    484,
    141,
    132,
    474,
    56,
    28,
    483,
    367,
    285,
    448,
    15,
    192,
    35,
    298,
    476,
    48,
    201,
    373,
    267,
    30,
    2,
    115,
    390,
    104,
    305,
    329,
    380,
    37,
    315,
    274,
    76,
    277,
    481,
    275,
    87,
    88,
    318,
    124,
    32,
    27,
    396,
    49,
    257,
    18,
    40,
    302,
    399,
    248,
    293,
    12,
    121,
    442,
    371,
    344,
    29,
    487,
    355,
    225,
    261,
    313,
    303,
    262,
    284,
    260,
    431,
    167,
    67,
    174,
    434,
    341,
    273,
    207,
    158,
    166,
    135,
    259,
    98,
    437,
    290,
    223,
    140,
    311,
    43,
    504,
    457,
    234,
    175,
    332,
    358,
    230,
    473,
    346,
    227,
    31,
    478,
    475,
    200,
    310,
    461,
    292,
    36,
    20,
    414,
    75,
    125,
    82,
    410,
    445,
    401,
    45,
    326,
    349,
    353,
    80,
    342,
    4,
    254,
    338,
    378,
    400,
    407,
    334,
    221,
    446,
    343,
    459,
    291,
    0,
    116,
    357,
    68,
    156,
    152,
    53,
    99,
    182,
    79,
    178,
    423,
    271,
    255,
    180,
    376,
    107,
    196,
    151,
    3,
    96,
    268,
    354,
    465,
    397,
    203,
    172,
    93,
    77,
    164,
    402,
    306,
    403,
    246,
    276,
    60,
    219,
    328,
    144,
    282,
    10,
    9,
    486,
    489,
    444,
    309,
    304,
    146,
    439,
    363,
    120,
    356,
    128,
    171,
    472,
    288,
    449,
    361,
    447,
    226,
    289,
    281,
    122,
    409,
    331,
    39,
    73,
    470,
    85,
    136,
    24,
    71,
    195,
    143,
    191,
    100,
    61,
    64,
    114,
    118,
    181,
    394,
    441,
    411,
    438,
    429,
    466,
    426,
    497,
    366,
    505,
    247,
    503,
    186,
    369,
    97,
    57,
    297,
    160,
    491,
    101,
    69,
    165,
    119,
    1,
    84,
    372,
    436,
    244,
    453,
    393,
    335,
    488,
    416,
    189,
    451,
    212,
    217,
    229,
    74
  ],
  "valid_index": [
    184,
    55,
    13,
    350,
    482,
    176,
    425,
    153,
    308,
    14,
    162,
    113,
    251,
    245,
    374,
    452,
    381,
    324,
    65,
    54,
    330,
    149,
    205,
    70,
    286,
    90,
    265,
    33,
    208,
    211,
    420,
    316,
    385,
    492,
    199,
    168,
    347,
    91,
    51,
    370,
    47,
    252,
    454,
    319,
    386,
    345,
    228,
    134,
    387,
    443,
    501,
    467,
    133,
    430,
    19,
    21,
    340,
    479,
    450,
    477,
    185,
    468,
    433,
    52,
    38,
    455,
    253,
    106,
    6,
    391,
    147,
    360,
    295,
    263,
    314,
    108,
    395,
    333,
    241,
    173,
    110,
    408,
    148,
    238,
    142,
    300,
    301,
    89,
    383,
    464,
    62,
    177,
    469,
    105,
    405,
    83,
    161,
    213,
    337,
    231,
    232
  ],
  "test_index": [
    258,
    163,
    235,
    240,
    194,
    210,
    81,
    494,
    279,
    362,
    352,
    220,
    42,
    123,
    388,
    198,
    424,
    130,
    272,
    406,
    214,
    365,
    418,
    480,
    384,
    243,
    129,
    499,
    187,
    218,
    216,
    17,
    224,
    111,
    250,
    236,
    422,
    131,
    95,
    389,
    190,
    23,
    92,
    498,
    428,
    377,
    427,
    26,
    5,
    270,
    11,
    327,
    66,
    22,
    317,
    109,
    159,
    432,
    44,
    404,
    264,
    500,
    359,
    188,
    215,
    278,
    312,
    325,
    471,
    138,
    86,
    78,
    348,
    154,
    50,
    137,
    58,
    8,
    127,
    296,
    456,
    239,
    322,
    197,
    72,
    417,
    25,
    63,
    170,
    364,
    398,
    283,
    280,
    415,
    7,
    256,
    145,
    222,
    193,
    462,
    502,
    233
  ]
}